-- Create Scorers Table
CREATE TABLE Scorers (
    Player NVARCHAR(100),
    Club NVARCHAR(50),
    Goals INT,
    Pen INT,
    Efficiency INT,
    Min_per_goal INT,
    Matches_played INT,
    Matches_started INT,
    H1 INT,
    H2 INT,
    TeamPercent NVARCHAR(10),
    LastGoal DATE
);

INSERT INTO Scorers (Player, Club, Goals, Pen, Efficiency, Min_per_goal, Matches_played, Matches_started, H1, H2, TeamPercent, LastGoal)
VALUES
('Seifeddine Jaziri','Tunisia',4,0,127,506,6,6,4,0,'50%','2021-12-10'),
('Almoez Ali','Qatar',3,1,163,490,6,5,2,1,'30%','2021-12-10'),
('Yazan Al Naimat','Jordan',3,0,57,170,3,2,1,2,'43%','2021-12-11'),
('Badr Benoun','Morocco',3,1,100,300,3,3,1,1,'27%','2021-12-11'),
('Yacine Brahimi','Algeria',3,2,192,577,6,6,0,2,'23%','2021-12-18'),
('Firas Ben El Arbi','Tunisia',2,0,78,156,5,2,1,1,'25%','2021-11-30'),
('Baghdad Bounedjah','Algeria',2,0,200,400,5,5,2,0,'15%','2021-12-01'),
('Abdelilah Hafidi','Morocco',2,0,118,236,3,3,0,2,'18%','2021-12-01'),
('K. K. Al Hajri','Oman',2,0,92,184,4,2,0,2,'33%','2021-12-06'),
('Akram Afif','Qatar',2,1,230,460,6,5,1,1,'20%','2021-12-06'),
('Mahmoud Al Mardi','Jordan',2,0,132,264,4,3,0,2,'29%','2021-12-07'),
('Youssef Msakni','Tunisia',2,0,217,433,6,4,0,2,'25%','2021-12-10'),
('Arshad Al Alawi','Oman',2,0,150,300,4,3,0,2,'33%','2021-12-10'),
('Abdulaziz Hatem','Qatar',2,0,263,526,6,6,1,1,'20%','2021-12-10'),
('Ahmed Refaat','Egypt',2,0,116,231,4,2,1,0,'20%','2021-12-11'),
('Mohamed Nahiri','Morocco',2,0,178,356,4,4,1,1,'18%','2021-12-11'),
('Youcef Belaïli','Algeria',2,0,253,506,5,5,0,1,'15%','2021-12-15'),
('Djamel Benlamri','Algeria',2,0,150,300,3,3,1,1,'15%','2021-12-15'),
('S. S. Al Yahyaei','Oman',1,1,354,354,4,4,0,1,'17%','2021-11-30'),
('Caio','United Arab Emirates',1,0,326,326,4,4,1,0,'33%','2021-11-30'),
('Ali Saleh','United Arab Emirates',1,0,298,298,4,4,1,0,'33%','2021-11-30'),
('Khalil Moulaye Ahmed','Mauritania',1,1,100,100,2,1,1,0,'33%','2021-11-30'),
('Hasan Abdulkareem','Iraq',1,1,94,94,3,1,0,1,'100%','2021-11-30'),
('Ward Al Salama','Syria',1,0,221,221,3,3,0,1,'25%','2021-11-30'),
('Mohamed Magdy','Egypt',1,1,219,219,5,2,0,1,'10%','2021-12-01'),
('Hillal Soudani','Algeria',1,0,211,211,4,2,0,1,'8%','2021-12-01'),
('K. I. Al Hammadi','United Arab Emirates',1,0,94,94,4,0,0,1,'33%','2021-12-03'),
('Mohammad Anez','Syria',1,0,217,217,3,3,0,1,'25%','2021-12-03'),
('Oliver Kass Kawo','Syria',1,0,232,232,3,3,1,0,'25%','2021-12-03'),
('Mohamed Sherif','Egypt',1,0,411,411,6,3,0,1,'10%','2021-12-04'),
('Houssen Faisal','Egypt',1,0,305,305,4,4,0,1,'10%','2021-12-04'),
('Mahmoud Hamdi','Egypt',1,0,537,537,6,6,1,0,'10%','2021-12-04'),
('Zizo','Egypt',1,1,375,375,6,4,1,0,'10%','2021-12-04'),
('Abdullah Al Hamdan','Saudi Arabia',1,0,200,200,3,2,0,1,'100%','2021-12-04'),
('Tayeb Meziani','Algeria',1,0,338,338,6,4,0,1,'8%','2021-12-04'),
('Mohamed Chibi','Morocco',1,0,316,316,4,3,1,0,'9%','2021-12-04'),
('Yahya Jabrane','Morocco',1,0,292,292,3,3,1,0,'9%','2021-12-04'),
('Soufiane Rahimi','Morocco',1,1,199,199,4,1,0,1,'9%','2021-12-04'),
('Mohamed Rashid','Palestine',1,0,240,240,3,3,1,0,'50%','2021-12-04'),
('Al Alawi Al Mandhar','Oman',1,0,188,188,3,3,1,0,'17%','2021-12-06'),
('Mouhamed Soueid','Mauritania',1,0,113,113,2,1,0,1,'33%','2021-12-06'),
('Hemeya Tanjy','Mauritania',1,0,172,172,3,2,0,1,'33%','2021-12-06'),
('Hassan Al Haydos','Qatar',1,0,387,387,6,3,0,1,'10%','2021-12-06'),
('Mahmoud Al Baher','Syria',1,0,247,247,3,3,0,1,'25%','2021-12-06'),
('Amr El Soulia','Egypt',1,1,592,592,6,6,0,1,'10%','2021-12-07'),
('Mohamed Amine Tougai','Algeria',1,0,301,301,4,3,1,0,'8%','2021-12-07'),
('Hamza Al Dardour','Jordan',1,0,202,202,4,1,1,0,'14%','2021-12-07'),
('Baha''a Abdelrahman','Jordan',1,1,309,309,4,3,1,0,'14%','2021-12-07'),
('Karim El Berkaoui','Morocco',1,1,195,195,3,2,1,0,'9%','2021-12-07'),
('Tamer Seyam','Palestine',1,0,270,270,3,3,1,0,'50%','2021-12-07'),
('Boualem Khoukhi','Qatar',1,1,511,511,6,5,1,0,'10%','2021-12-10'),
('Marwan Daoud','Egypt',1,0,33,33,2,0,0,0,'10%','2021-12-11'),
('Marwan Hamdi','Egypt',1,0,396,396,6,5,1,0,'10%','2021-12-11'),
('Mohamed Muntari','Qatar',1,0,105,105,4,1,0,1,'10%','2021-12-15'),
('Amir Sayoud','Algeria',1,0,118,118,2,1,0,0,'8%','2021-12-18');


-- Create Assists Table
CREATE TABLE Assists (
	Player NVARCHAR(100),
    Club NVARCHAR(50),
    Assists INT,
	Goals INT,
    Min_per_assist INT,
    Matches_played INT,
    Matches_started INT,
    H1 INT,
    H2 INT,
    TeamPercent NVARCHAR(10),
    LastAssist DATE
);

INSERT INTO Assists (Player, Club, Assists, Goals, Min_per_assist, Matches_played, Matches_started, H1, H2, TeamPercent, LastAssist)
VALUES
('Akram Afif','Qatar',4,2,460,6,5,2,2,'67%','2021-12-10'),
('Abdullah Fawaz','Oman',2,0,264,4,3,1,1,'40%','2021-12-06'),
('Mohamed Chibi','Morocco',2,1,316,4,3,0,1,'29%','2021-12-11'),
('Baghdad Bounedjah','Algeria',2,2,400,5,5,0,1,'25%','2021-12-18'),
('Yassine Chikhaoui','Tunisia',1,0,12,1,0,0,1,'25%','2021-11-30'),
('Hannibal Mejbri','Tunisia',1,0,489,6,6,1,0,'25%','2021-11-30'),
('Caio','United Arab Emirates',1,1,326,4,4,1,0,'50%','2021-11-30'),
('B. M. Al Ahbabi','United Arab Emirates',1,0,360,4,4,1,0,'50%','2021-11-30'),
('Yacine Brahimi','Algeria',1,3,577,6,6,1,0,'13%','2021-12-01'),
('Hillal Soudani','Algeria',1,1,211,4,2,1,0,'13%','2021-12-01'),
('Sofiane Bendebka','Algeria',1,0,570,6,6,1,0,'13%','2021-12-01'),
('Walid El Karti','Morocco',1,0,246,3,3,0,1,'14%','2021-12-01'),
('Marwane Saadane','Morocco',1,0,210,2,2,1,0,'14%','2021-12-01'),
('Mahmoud Al Baher','Syria',1,1,247,3,3,0,1,'100%','2021-12-03'),
('Mohamed Magdy','Egypt',1,1,219,5,2,0,1,'20%','2021-12-04'),
('Houssen Faisal','Egypt',1,1,305,4,4,1,0,'20%','2021-12-04'),
('Haytham Asiri','Saudi Arabia',1,0,79,3,0,0,1,'100%','2021-12-04'),
('Achraf Bencharki','Morocco',1,0,270,3,3,1,0,'14%','2021-12-04'),
('Walid Azarou','Morocco',1,0,195,3,2,1,0,'14%','2021-12-04'),
('Tamer Seyam','Palestine',1,1,270,3,3,1,0,'50%','2021-12-04'),
('Arshad Al Alawi','Oman',1,2,300,4,3,0,1,'20%','2021-12-06'),
('Amjad Al Harthi','Oman',1,0,257,3,3,0,1,'20%','2021-12-06'),
('Khaled Muneer Mazeed','Qatar',1,0,31,1,0,0,1,'17%','2021-12-06'),
('Youcef Belaïli','Algeria',1,2,506,5,5,1,0,'13%','2021-12-07'),
('Rajaei Ayed','Jordan',1,0,87,3,1,0,1,'33%','2021-12-07'),
('Yasen Al Bakhet','Jordan',1,0,173,4,1,1,0,'33%','2021-12-07'),
('Mahmoud Abu Warda','Palestine',1,0,198,3,2,1,0,'50%','2021-12-07'),
('Naïm Sliti','Tunisia',1,0,357,6,3,0,1,'25%','2021-12-10'),
('Amine Ben Hamida','Tunisia',1,0,550,6,6,1,0,'25%','2021-12-10'),
('Mataz Saleh','Oman',1,0,52,2,0,0,1,'20%','2021-12-10'),
('Ahmed Refaat','Egypt',1,2,231,4,2,0,0,'20%','2021-12-11'),
('Mohamed Sherif','Egypt',1,1,411,6,3,0,0,'20%','2021-12-11'),
('Zizo','Egypt',1,1,375,6,4,1,0,'20%','2021-12-11'),
('Ali Olwan','Jordan',1,0,390,4,4,1,0,'33%','2021-12-11'),
('Abdelilah Hafidi','Morocco',1,2,236,3,3,0,1,'14%','2021-12-11'),
('Houcine Benayada','Algeria',1,0,600,6,6,0,1,'13%','2021-12-15'),
('Ismail Mohamed','Qatar',1,0,348,5,4,0,1,'17%','2021-12-15'),
('Djamel Benlamri','Algeria',1,2,300,3,3,0,0,'13%','2021-12-18');


-- Create Games Table
CREATE TABLE Games (
    Player NVARCHAR(100),
    Club NVARCHAR(100),
    Matches_played INT,
    Matches_started INT,
    Bench INT,
    Minutes_ INT,
    Victories INT,
    Draws INT,
    Losses INT,
    YellowCards INT,
    RedCards INT,
    Presence NVARCHAR(10),
    LastGame DATE
);

INSERT INTO Games (Player, Club, Matches_played, Matches_started, Bench, Minutes_, Victories, Draws, Losses, YellowCards, RedCards, Presence, LastGame)
VALUES
('Mohamed El Shenawi', 'Egypt', 6, 6, 0, 600, 3, 2, 1, 0, 0, '100%', '2021-12-18'),
('Houcine Benayada', 'Algeria', 6, 6, 0, 600, 4, 2, 0, 1, 0, '100%', '2021-12-18'),
('Ilyes Chetti', 'Algeria', 6, 6, 0, 600, 4, 2, 0, 1, 0, '100%', '2021-12-18'),
('Amr El Soulia', 'Egypt', 6, 6, 0, 592, 3, 2, 1, 1, 0, '100%', '2021-12-18'),
('Ahmed Fatouh', 'Egypt', 6, 6, 0, 582, 3, 2, 1, 1, 0, '100%', '2021-12-18'),
('Yacine Brahimi', 'Algeria', 6, 6, 0, 577, 4, 2, 0, 2, 0, '100%', '2021-12-18'),
('Bilal Ifa', 'Tunisia', 6, 6, 0, 570, 4, 0, 2, 0, 0, '100%', '2021-12-18'),
('Sofiane Bendebka', 'Algeria', 6, 6, 0, 570, 4, 2, 0, 1, 0, '100%', '2021-12-18'),
('Amine Ben Hamida', 'Tunisia', 6, 6, 0, 550, 4, 0, 2, 2, 0, '100%', '2021-12-18'),
('Mahmoud Hamdi', 'Egypt', 6, 6, 0, 537, 3, 2, 1, 0, 0, '100%', '2021-12-18'),
('Abdulaziz Hatem', 'Qatar', 6, 6, 0, 526, 4, 1, 1, 0, 0, '100%', '2021-12-18'),
('Ferjani Sassi', 'Tunisia', 6, 6, 0, 524, 4, 0, 2, 2, 0, '100%', '2021-12-18'),
('Boualem Khoukhi', 'Qatar', 6, 5, 1, 511, 4, 1, 1, 0, 0, '100%', '2021-12-18'),
('A. R. M''Bolhi-Ouhab', 'Algeria', 5, 5, 0, 510, 3, 2, 0, 0, 0, '83%', '2021-12-18'),
('Abdekader Bedrane', 'Algeria', 5, 5, 0, 510, 3, 2, 0, 0, 0, '83%', '2021-12-18'),
('Youcef Belaïli', 'Algeria', 5, 5, 0, 506, 3, 2, 0, 1, 0, '83%', '2021-12-18'),
('Seifeddine Jaziri', 'Tunisia', 6, 6, 0, 506, 4, 0, 2, 2, 0, '100%', '2021-12-18'),
('Ghilane Chalali', 'Tunisia', 6, 5, 1, 501, 4, 0, 2, 1, 0, '100%', '2021-12-18'),
('Almoez Ali', 'Qatar', 6, 5, 1, 490, 4, 1, 1, 1, 0, '100%', '2021-12-18'),
('Hannibal Mejbri', 'Tunisia', 6, 6, 0, 489, 4, 0, 2, 0, 0, '100%', '2021-12-18'),
('Akram Afif', 'Qatar', 6, 5, 1, 460, 4, 1, 1, 1, 0, '100%', '2021-12-18'),
('Homam Ahmed El Amin', 'Qatar', 5, 5, 0, 449, 3, 1, 1, 1, 0, '83%', '2021-12-18'),
('Youssef Msakni', 'Tunisia', 6, 4, 2, 433, 4, 0, 2, 2, 0, '100%', '2021-12-18'),
('Mohamed Sherif', 'Egypt', 6, 3, 3, 411, 3, 2, 1, 1, 0, '100%', '2021-12-18'),
('Baghdad Bounedjah', 'Algeria', 5, 5, 0, 400, 4, 1, 0, 1, 0, '83%', '2021-12-18'),
('Yassine Meriah', 'Tunisia', 5, 5, 0, 399, 4, 0, 1, 0, 0, '83%', '2021-12-18'),
('Marwan Hamdi', 'Egypt', 6, 5, 1, 396, 3, 2, 1, 0, 0, '100%', '2021-12-18'),
('Mouez Hassen', 'Tunisia', 4, 4, 0, 390, 3, 0, 1, 0, 0, '67%', '2021-12-18'),
('Yazid Abu Laila', 'Jordan', 4, 4, 0, 390, 2, 0, 2, 0, 0, '100%', '2021-12-11'),
('Mohamed Dräger', 'Tunisia', 4, 4, 0, 390, 3, 0, 1, 0, 0, '67%', '2021-12-18'),
('Ali Olwan', 'Jordan', 4, 4, 0, 390, 2, 0, 2, 0, 0, '100%', '2021-12-11'),
('Mohamed Abu Hasheesh', 'Jordan', 4, 4, 0, 390, 2, 0, 2, 1, 0, '100%', '2021-12-11'),
('Hassan Al Haydos', 'Qatar', 6, 3, 3, 387, 4, 1, 1, 0, 0, '100%', '2021-12-18'),
('Bassam Al Rawi', 'Qatar', 5, 5, 0, 387, 4, 0, 1, 0, 0, '83%', '2021-12-18'),
('Hamdi Fathi', 'Egypt', 5, 5, 0, 378, 2, 2, 1, 2, 0, '83%', '2021-12-18'),
('Houssem Mrezigue', 'Algeria', 4, 4, 0, 378, 3, 1, 0, 1, 1, '67%', '2021-12-18'),
('Zizo', 'Egypt', 6, 4, 2, 375, 3, 2, 1, 0, 0, '100%', '2021-12-18'),
('Noor Al Rawabdeh', 'Jordan', 4, 4, 0, 375, 2, 0, 2, 0, 0, '100%', '2021-12-11'),
('Saad Al Sheeb', 'Qatar', 4, 4, 0, 360, 3, 0, 1, 0, 0, '67%', '2021-12-15'),
('B. M. Al Ahbabi', 'United Arab Emirates', 4, 4, 0, 360, 2, 0, 2, 1, 0, '100%', '2021-12-10'),
('Harib Al Saadi', 'Oman', 4, 4, 0, 360, 1, 1, 2, 1, 0, '100%', '2021-12-10'),
('J. M. Al Habsi', 'Oman', 4, 4, 0, 360, 1, 1, 2, 0, 0, '100%', '2021-12-10'),
('M. O. Al Attas', 'United Arab Emirates', 4, 4, 0, 360, 2, 0, 2, 0, 0, '100%', '2021-12-10'),
('A. K. Al Khamisi', 'Oman', 4, 4, 0, 360, 1, 1, 2, 1, 0, '100%', '2021-12-10'),
('Tahnoon Al Zaabi', 'United Arab Emirates', 4, 4, 0, 360, 2, 0, 2, 1, 0, '100%', '2021-12-10'),
('Naïm Sliti', 'Tunisia', 6, 3, 3, 357, 4, 0, 2, 0, 0, '100%', '2021-12-18'),
('Mohamed Nahiri', 'Morocco', 4, 4, 0, 356, 3, 1, 0, 0, 0, '100%', '2021-12-11'),
('Ahmed Al Kaabi', 'Oman', 4, 4, 0, 354, 1, 1, 2, 1, 0, '100%', '2021-12-10'),
('S. S. Al Yahyaei', 'Oman', 4, 4, 0, 354, 1, 1, 2, 0, 0, '100%', '2021-12-10'),
('Ismail Mohamed', 'Qatar', 5, 4, 1, 348, 3, 1, 1, 0, 0, '83%', '2021-12-18'),
('Abdallah Ramadan', 'United Arab Emirates', 4, 4, 0, 345, 2, 0, 2, 0, 0, '100%', '2021-12-10'),
('Tayeb Meziani', 'Algeria', 6, 4, 2, 338, 4, 2, 0, 0, 0, '100%', '2021-12-18'),
('Ahmed Hegazy', 'Egypt', 5, 4, 1, 330, 2, 2, 1, 1, 0, '83%', '2021-12-18'),
('Omar Kamal', 'Egypt', 5, 3, 2, 328, 3, 2, 0, 0, 0, '83%', '2021-12-18'),
('Caio', 'United Arab Emirates', 4, 4, 0, 326, 2, 0, 2, 1, 0, '100%', '2021-12-10'),
('Zakaria Draoui', 'Algeria', 6, 2, 4, 323, 4, 2, 0, 1, 0, '100%', '2021-12-18'),
('Mohamed Chibi', 'Morocco', 4, 3, 1, 316, 3, 1, 0, 2, 0, '100%', '2021-12-11'),
('Abdelkarim Hassan', 'Qatar', 5, 3, 2, 315, 3, 1, 1, 0, 0, '83%', '2021-12-18'),
('Abdallah Naseeb', 'Jordan', 4, 3, 1, 311, 2, 0, 2, 1, 0, '100%', '2021-12-11'),
('Baha''a Abdelrahman', 'Jordan', 4, 3, 1, 309, 2, 0, 2, 1, 0, '100%', '2021-12-11'),
('A. S. Al Bloushi', 'United Arab Emirates', 4, 4, 0, 309, 2, 0, 2, 0, 0, '100%', '2021-12-10'),
('Houssen Faisal', 'Egypt', 4, 4, 0, 305, 2, 1, 1, 0, 0, '67%', '2021-12-18'),
('Mohamed Amine Tougai', 'Algeria', 4, 3, 1, 301, 2, 2, 0, 1, 0, '67%', '2021-12-18'),
('Djamel Benlamri', 'Algeria', 3, 3, 0, 300, 3, 0, 0, 1, 0, '50%', '2021-12-18'),
('Anas Zniti', 'Morocco', 3, 3, 0, 300, 2, 1, 0, 0, 0, '75%', '2021-12-11'),
('Badr Benoun', 'Morocco', 3, 3, 0, 300, 2, 1, 0, 1, 0, '75%', '2021-12-11'),
('Arshad Al Alawi', 'Oman', 4, 3, 1, 300, 1, 1, 2, 0, 0, '100%', '2021-12-10'),
('Ali Saleh', 'United Arab Emirates', 4, 4, 0, 298, 2, 0, 2, 1, 0, '100%', '2021-12-10'),
('Akram Tawfik', 'Egypt', 4, 3, 1, 293, 1, 2, 1, 2, 0, '67%', '2021-12-18'),
('Yahya Jabrane', 'Morocco', 3, 3, 0, 292, 2, 1, 0, 0, 0, '75%', '2021-12-11'),
('Tarek Salman', 'Qatar', 5, 3, 2, 287, 3, 1, 1, 0, 0, '83%', '2021-12-18'),
('Mostafa Fathi', 'Egypt', 6, 2, 4, 283, 3, 2, 1, 1, 0, '100%', '2021-12-18'),
('M. W. Al Bayati', 'Qatar', 5, 3, 2, 281, 4, 1, 0, 1, 0, '83%', '2021-12-18'),
('Sayed Mohamed Jaffer', 'Bahrain', 3, 3, 0, 270, 0, 1, 2, 0, 0, '100%', '2021-12-06'),
('Abdelatif Al Bahdari', 'Palestine', 3, 3, 0, 270, 0, 1, 2, 0, 0, '100%', '2021-12-07'),
('Alexander Michel', 'Lebanon', 3, 3, 0, 270, 1, 0, 2, 0, 0, '100%', '2021-12-07'),
('Walid Al Hayam', 'Bahrain', 3, 3, 0, 270, 0, 1, 2, 1, 0, '100%', '2021-12-06'),
('Taher Kroma', 'Syria', 3, 3, 0, 270, 1, 0, 2, 0, 0, '100%', '2021-12-06'),
('Tamer Seyam', 'Palestine', 3, 3, 0, 270, 0, 1, 2, 1, 0, '100%', '2021-12-07'),
('Achraf Bencharki', 'Morocco', 3, 3, 0, 270, 2, 1, 0, 0, 0, '75%', '2021-12-11'),
('Amr Kaddoura', 'Palestine', 3, 3, 0, 270, 0, 1, 2, 0, 0, '100%', '2021-12-07'),
('Amro Jenyat', 'Syria', 3, 3, 0, 270, 1, 0, 2, 1, 0, '100%', '2021-12-06'),
('Mohamed Dellahi Yali', 'Mauritania', 3, 3, 0, 270, 1, 0, 2, 0, 0, '100%', '2021-12-06'),
('I. S. Al Mukhaini', 'Oman', 3, 3, 0, 270, 1, 0, 2, 0, 0, '75%', '2021-12-10'),
('Fahad Talib', 'Iraq', 3, 3, 0, 270, 0, 2, 1, 0, 0, '100%', '2021-12-06'),
('Mohamed Saleh', 'Palestine', 3, 3, 0, 270, 0, 1, 2, 0, 0, '100%', '2021-12-07'),
('Yasser Hamad', 'Palestine', 3, 3, 0, 270, 0, 1, 2, 0, 0, '100%', '2021-12-07'),
('Saud Abdulhamid', 'Saudi Arabia', 3, 3, 0, 270, 0, 1, 2, 2, 0, '100%', '2021-12-07'),
('Ali Abu Eshrein', 'Sudan', 3, 3, 0, 270, 0, 0, 3, 0, 0, '100%', '2021-12-07'),
('Hasan Raed Matrook', 'Iraq', 3, 3, 0, 270, 0, 2, 1, 0, 0, '100%', '2021-12-06'),
('Yazan Al Arab', 'Jordan', 3, 3, 0, 270, 2, 0, 1, 0, 0, '75%', '2021-12-07'),
('Muayad Al Khouli', 'Syria', 3, 3, 0, 270, 1, 0, 2, 1, 0, '100%', '2021-12-06'),
('Mohand Lasheen', 'Egypt', 4, 1, 3, 267, 2, 2, 0, 0, 0, '67%', '2021-12-18'),
('Abdullah Fawaz', 'Oman', 4, 3, 1, 264, 1, 1, 2, 0, 0, '100%', '2021-12-10'),
('Mahmoud Al Mardi', 'Jordan', 4, 3, 1, 264, 2, 0, 2, 0, 0, '100%', '2021-12-11'),
('M. K. Al Hammadi', 'United Arab Emirates', 3, 3, 0, 258, 1, 0, 2, 1, 1, '75%', '2021-12-10'),
('Mohammed Qasim', 'Iraq', 3, 3, 0, 258, 0, 2, 1, 0, 0, '100%', '2021-12-06'),
('Amjad Al Harthi', 'Oman', 3, 3, 0, 257, 1, 1, 1, 2, 0, '75%', '2021-12-06'),
('Hadi Al Hourani', 'Jordan', 3, 2, 1, 255, 1, 0, 2, 0, 0, '75%', '2021-12-11'),
('Mohamed-Ali Dhaini', 'Lebanon', 3, 3, 0, 252, 1, 0, 2, 1, 0, '100%', '2021-12-07'),
('Manaf Younis', 'Iraq', 3, 3, 0, 248, 0, 2, 1, 0, 0, '100%', '2021-12-06'),
('Mahmoud Al Baher', 'Syria', 3, 3, 0, 247, 1, 0, 2, 0, 0, '100%', '2021-12-06'),
('Walid El Karti', 'Morocco', 3, 3, 0, 246, 2, 1, 0, 0, 0, '75%', '2021-12-11'),
('Mohammed Osman', 'Syria', 3, 3, 0, 246, 1, 0, 2, 0, 0, '100%', '2021-12-06'),
('Sherko Kareem', 'Iraq', 3, 3, 0, 245, 0, 2, 1, 0, 0, '100%', '2021-12-06'),
('Mohamed Rashid', 'Palestine', 3, 3, 0, 240, 0, 1, 2, 0, 0, '100%', '2021-12-07'),
('Abdelilah Hafidi', 'Morocco', 3, 3, 0, 236, 2, 1, 0, 0, 0, '75%', '2021-12-11'),
('A. A. Al Ahrak', 'Qatar', 3, 2, 1, 233, 2, 1, 0, 0, 0, '50%', '2021-12-18'),
('Oliver Kass Kawo', 'Syria', 3, 3, 0, 232, 1, 0, 2, 0, 0, '100%', '2021-12-06'),
('Ahmed Refaat', 'Egypt', 4, 2, 2, 231, 3, 1, 0, 0, 0, '67%', '2021-12-18'),
('Ismail El Haddad', 'Morocco', 4, 3, 1, 231, 3, 1, 0, 1, 0, '100%', '2021-12-11'),
('Karim Boudiaf', 'Qatar', 4, 3, 1, 230, 2, 1, 1, 1, 0, '67%', '2021-12-18'),
('Harouna Abou Demba', 'Mauritania', 3, 3, 0, 227, 1, 0, 2, 0, 0, '100%', '2021-12-06'),
('W. A. Al Balooshi', 'United Arab Emirates', 3, 3, 0, 225, 2, 0, 1, 2, 0, '75%', '2021-12-06'),
('Ali Mabkhout', 'United Arab Emirates', 3, 2, 1, 225, 2, 0, 1, 0, 0, '75%', '2021-12-10'),
('Guessouma Fofana', 'Mauritania', 3, 2, 1, 225, 1, 0, 2, 0, 0, '100%', '2021-12-06'),
('Jassim Al Shaikh', 'Bahrain', 3, 2, 1, 222, 0, 1, 2, 0, 0, '100%', '2021-12-06'),
('A. A. Al Fartoosi', 'Iraq', 3, 3, 0, 222, 0, 2, 1, 0, 0, '100%', '2021-12-06'),
('Ward Al Salama', 'Syria', 3, 3, 0, 221, 1, 0, 2, 0, 0, '100%', '2021-12-06'),
('Mohamed Magdy', 'Egypt', 5, 2, 3, 219, 3, 1, 1, 0, 0, '83%', '2021-12-18'),
('M. A. Ben Romdhane', 'Tunisia', 4, 2, 2, 219, 2, 0, 2, 1, 1, '67%', '2021-12-18'),
('Maher Sabra', 'Lebanon', 3, 2, 1, 217, 1, 0, 2, 0, 0, '100%', '2021-12-07'),
('Mohammad Anez', 'Syria', 3, 3, 0, 217, 1, 0, 2, 0, 0, '100%', '2021-12-06'),
('Hilal El Helwe', 'Lebanon', 3, 3, 0, 216, 1, 0, 2, 0, 0, '100%', '2021-12-07'),
('Ayman Yahya', 'Saudi Arabia', 3, 2, 1, 216, 0, 1, 2, 0, 0, '100%', '2021-12-07'),
('Mohamed Ering', 'Sudan', 3, 2, 1, 213, 0, 0, 3, 0, 0, '100%', '2021-12-07'),
('Hillal Soudani', 'Algeria', 4, 2, 2, 211, 3, 1, 0, 1, 0, '67%', '2021-12-18'),
('Muhamed Abdelrahman', 'Sudan', 3, 3, 0, 211, 0, 0, 3, 0, 0, '100%', '2021-12-07'),
('Marwane Saadane', 'Morocco', 2, 2, 0, 210, 1, 1, 0, 1, 0, '50%', '2021-12-11'),
('Montassar Talbi', 'Tunisia', 2, 2, 0, 210, 1, 0, 1, 0, 0, '33%', '2021-12-18'),
('Rabih Ataya', 'Lebanon', 3, 3, 0, 207, 1, 0, 2, 1, 1, '100%', '2021-12-07'),
('Yosief Mohammad', 'Syria', 3, 3, 0, 205, 1, 0, 2, 1, 0, '100%', '2021-12-06'),
('Mohammad Sahyouni', 'Syria', 3, 2, 1, 205, 1, 0, 2, 0, 0, '100%', '2021-12-06'),
('Ali Majrashi', 'Saudi Arabia', 3, 3, 0, 204, 0, 1, 2, 1, 1, '100%', '2021-12-07'),
('Hamza Al Dardour', 'Jordan', 4, 1, 3, 202, 2, 0, 2, 0, 0, '100%', '2021-12-11'),
('Kamil Al Aswad', 'Bahrain', 3, 2, 1, 202, 0, 1, 2, 0, 0, '100%', '2021-12-06'),
('Abdullah Al Hamdan', 'Saudi Arabia', 3, 2, 1, 200, 0, 1, 2, 1, 0, '100%', '2021-12-07'),
('Soufiane Rahimi', 'Morocco', 4, 1, 3, 199, 3, 1, 0, 0, 0, '100%', '2021-12-11'),
('Felix Melki', 'Lebanon', 3, 2, 1, 198, 1, 0, 2, 0, 0, '100%', '2021-12-07'),
('Mahmoud Abu Warda', 'Palestine', 3, 2, 1, 198, 0, 1, 2, 0, 0, '100%', '2021-12-07'),
('Mosaab Khoder Jibril', 'Qatar', 4, 1, 3, 195, 3, 1, 0, 0, 0, '67%', '2021-12-18'),
('Karim El Berkaoui', 'Morocco', 3, 2, 1, 195, 2, 1, 0, 0, 0, '75%', '2021-12-11'),
('Walid Azarou', 'Morocco', 3, 2, 1, 195, 2, 1, 0, 0, 0, '75%', '2021-12-11'),
('Mohamed Marhoun', 'Bahrain', 3, 2, 1, 191, 0, 1, 2, 0, 0, '100%', '2021-12-06'),
('Adama Ba', 'Mauritania', 3, 2, 1, 189, 1, 0, 2, 1, 0, '100%', '2021-12-06'),
('H. S. Chaitou', 'Lebanon', 3, 2, 1, 188, 1, 0, 2, 0, 0, '100%', '2021-12-07'),
('Bashar Rasan Bonyan', 'Iraq', 3, 3, 0, 188, 0, 2, 1, 0, 0, '100%', '2021-12-06'),
('Al Alawi Al Mandhar', 'Oman', 3, 3, 0, 188, 1, 1, 1, 0, 0, '75%', '2021-12-10'),
('Nasreldin Al Shigail', 'Sudan', 3, 2, 1, 187, 0, 0, 3, 0, 0, '100%', '2021-12-07'),
('Mohamedhen Beibou', 'Mauritania', 3, 2, 1, 186, 1, 0, 2, 0, 0, '100%', '2021-12-06'),
('K. K. Al Hajri', 'Oman', 4, 2, 2, 184, 1, 1, 2, 0, 0, '100%', '2021-12-10'),
('Assim Madebo', 'Qatar', 3, 2, 1, 183, 2, 1, 0, 1, 0, '50%', '2021-12-18'),
('Salah Adel', 'Sudan', 3, 2, 1, 183, 0, 0, 3, 0, 0, '100%', '2021-12-07'),
('Idrissa Thiam', 'Mauritania', 3, 2, 1, 183, 1, 0, 2, 0, 0, '100%', '2021-12-06'),
('Ali Khasif', 'United Arab Emirates', 2, 2, 0, 180, 1, 0, 1, 0, 0, '50%', '2021-12-10'),
('Farouk Ben Mustapha', 'Tunisia', 2, 2, 0, 180, 1, 0, 1, 0, 0, '33%', '2021-12-18'),
('Amir Kamal', 'Sudan', 2, 2, 0, 180, 0, 0, 2, 0, 0, '67%', '2021-12-07'),
('Khalid Alhaji Othman', 'Syria', 2, 2, 0, 180, 1, 0, 1, 0, 0, '67%', '2021-12-06'),
('Sayed Dhiya Saeed', 'Bahrain', 2, 2, 0, 180, 0, 0, 2, 1, 0, '67%', '2021-12-06'),
('Soufiane Bouftini', 'Morocco', 2, 2, 0, 180, 2, 0, 0, 0, 0, '50%', '2021-12-11'),
('Rebin Sulaka', 'Iraq', 2, 2, 0, 180, 0, 1, 1, 0, 0, '67%', '2021-12-06'),
('Mostafa Matar', 'Lebanon', 2, 2, 0, 180, 0, 0, 2, 0, 0, '67%', '2021-12-07'),
('Bakary N''Diaye', 'Mauritania', 2, 2, 0, 180, 0, 0, 2, 0, 0, '67%', '2021-12-03'),
('Zaid Al Bawardi', 'Saudi Arabia', 2, 2, 0, 180, 0, 1, 1, 0, 0, '67%', '2021-12-07'),
('Sayed Redha Isa', 'Bahrain', 2, 2, 0, 180, 0, 0, 2, 1, 0, '67%', '2021-12-06'),
('M. Al Shanqeeti', 'Saudi Arabia', 2, 2, 0, 180, 0, 0, 2, 0, 0, '67%', '2021-12-07'),
('Ahmed Yassin', 'Egypt', 2, 1, 1, 180, 1, 1, 0, 0, 0, '33%', '2021-12-18'),
('Mbacké N''Diaye', 'Mauritania', 2, 2, 0, 180, 1, 0, 1, 0, 0, '67%', '2021-12-06'),
('Ahmed Bibo', 'Sudan', 3, 1, 2, 180, 0, 0, 3, 0, 0, '100%', '2021-12-07'),
('Mahdi Al Humaidan', 'Bahrain', 3, 2, 1, 179, 0, 1, 2, 1, 0, '100%', '2021-12-06'),
('Ablaye Sy', 'Mauritania', 3, 1, 2, 178, 1, 0, 2, 0, 0, '100%', '2021-12-06'),
('Mustafa Nadhim', 'Iraq', 3, 2, 1, 175, 0, 2, 1, 0, 0, '100%', '2021-12-06'),
('Mouhsine Bodda', 'Mauritania', 2, 2, 0, 174, 1, 0, 1, 0, 0, '67%', '2021-12-06'),
('Kasem El Zein', 'Lebanon', 2, 2, 0, 173, 0, 0, 2, 1, 1, '67%', '2021-12-04'),
('Yasen Al Bakhet', 'Jordan', 4, 1, 3, 173, 2, 0, 2, 0, 0, '100%', '2021-12-11'),
('Ehsan Manel Haddad', 'Jordan', 2, 2, 0, 173, 1, 0, 1, 0, 1, '50%', '2021-12-11'),
('Sayed Mahdy Baqer', 'Bahrain', 2, 1, 1, 172, 0, 1, 1, 1, 0, '67%', '2021-12-06'),
('Hemeya Tanjy', 'Mauritania', 3, 2, 1, 172, 1, 0, 2, 0, 0, '100%', '2021-12-06'),
('Samawal Merghani', 'Sudan', 2, 2, 0, 172, 0, 0, 2, 0, 0, '67%', '2021-12-07'),
('S. Tagliabué', 'United Arab Emirates', 3, 2, 1, 171, 1, 0, 2, 0, 0, '75%', '2021-12-10'),
('Firas Al Birakan', 'Saudi Arabia', 2, 2, 0, 171, 0, 1, 1, 1, 0, '67%', '2021-12-07'),
('Yazan Al Naimat', 'Jordan', 3, 2, 1, 170, 2, 0, 1, 0, 0, '75%', '2021-12-11'),
('Amjad Attwan', 'Iraq', 2, 2, 0, 169, 0, 2, 0, 0, 0, '67%', '2021-12-06'),
('Mohamed Khalil', 'Palestine', 2, 2, 0, 169, 0, 1, 1, 0, 0, '67%', '2021-12-07'),
('Ahmed Wadah Ibrahim', 'Sudan', 2, 2, 0, 166, 0, 0, 2, 0, 1, '67%', '2021-12-07'),
('Mohamed Al Romaihi', 'Bahrain', 3, 2, 1, 164, 0, 1, 2, 0, 0, '100%', '2021-12-06'),
('Mohamed Abu Zraiq', 'Jordan', 3, 2, 1, 164, 1, 0, 2, 1, 0, '75%', '2021-12-11'),
('Moteb Al Harbi', 'Saudi Arabia', 3, 2, 1, 161, 0, 1, 2, 0, 0, '100%', '2021-12-07'),
('Yaser Kasim', 'Iraq', 2, 2, 0, 158, 0, 1, 1, 1, 1, '67%', '2021-12-06'),
('Waleed Al Ahmad', 'Saudi Arabia', 2, 2, 0, 158, 0, 1, 1, 0, 0, '67%', '2021-12-07'),
('Ahmed Farhan', 'Iraq', 2, 2, 0, 158, 0, 2, 0, 1, 0, '67%', '2021-12-06'),
('Mohamed Ali Bemaamar', 'Morocco', 4, 1, 3, 156, 3, 1, 0, 0, 0, '100%', '2021-12-11'),
('Firas Ben El Arbi', 'Tunisia', 5, 2, 3, 156, 3, 0, 2, 0, 0, '83%', '2021-12-18'),
('Mohamed Haidar', 'Lebanon', 3, 2, 1, 154, 1, 0, 2, 0, 0, '100%', '2021-12-07'),
('Ali Madan', 'Bahrain', 3, 2, 1, 154, 0, 1, 2, 1, 0, '100%', '2021-12-06'),
('Turki Al Ammar', 'Saudi Arabia', 2, 2, 0, 151, 0, 0, 2, 1, 0, '67%', '2021-12-07'),
('El Moustapha Diaw', 'Mauritania', 2, 2, 0, 146, 1, 0, 1, 1, 0, '67%', '2021-12-06'),
('W. H. Al Rekabi', 'Sudan', 2, 2, 0, 146, 0, 0, 2, 0, 0, '67%', '2021-12-07'),
('Fares Abdallah', 'Sudan', 2, 2, 0, 143, 0, 0, 2, 1, 1, '67%', '2021-12-04'),
('Khaled Salem', 'Palestine', 2, 2, 0, 140, 0, 1, 1, 0, 0, '67%', '2021-12-07'),
('F. Ben Youssef', 'Tunisia', 4, 2, 2, 139, 3, 0, 1, 0, 0, '67%', '2021-12-18'),
('A. F. Al Asfoor', 'Bahrain', 3, 2, 1, 138, 0, 1, 2, 0, 0, '100%', '2021-12-06'),
('Mohammed Al Qahtani', 'Saudi Arabia', 3, 2, 1, 138, 0, 1, 2, 0, 0, '100%', '2021-12-07'),
('Mamadou Niass', 'Mauritania', 3, 2, 1, 137, 1, 0, 2, 1, 0, '100%', '2021-12-06'),
('Oday Kharoub', 'Palestine', 3, 1, 2, 137, 0, 1, 2, 0, 0, '100%', '2021-12-07'),
('Issam Al Sabhi', 'Oman', 4, 1, 3, 137, 1, 1, 2, 0, 0, '100%', '2021-12-10'),
('Reebal Dahamshi', 'Palestine', 3, 1, 2, 137, 0, 1, 2, 0, 0, '100%', '2021-12-07'),
('Ramadan Ajeb', 'Sudan', 2, 2, 0, 135, 0, 0, 2, 0, 0, '67%', '2021-12-07'),
('Mohamed Abdel Monem', 'Egypt', 2, 1, 1, 135, 1, 1, 0, 0, 0, '33%', '2021-12-18'),
('Naif Mousa Al Mas', 'Saudi Arabia', 2, 1, 1, 135, 0, 1, 1, 0, 0, '67%', '2021-12-07'),
('Nour Mansour', 'Lebanon', 2, 2, 0, 133, 0, 0, 2, 1, 0, '67%', '2021-12-07'),
('Aboaagla Abdalla', 'Sudan', 3, 1, 2, 133, 0, 0, 3, 0, 0, '100%', '2021-12-07'),
('Mohammed Yameen', 'Palestine', 2, 2, 0, 133, 0, 1, 1, 0, 0, '67%', '2021-12-04'),
('Layth Kharoub', 'Palestine', 2, 2, 0, 133, 0, 1, 1, 2, 0, '67%', '2021-12-07'),
('Mohammed Al Hardan', 'Bahrain', 2, 2, 0, 132, 0, 0, 2, 0, 0, '67%', '2021-12-06'),
('Ayman El Hassouni', 'Morocco', 3, 1, 2, 124, 2, 1, 0, 0, 0, '75%', '2021-12-11'),
('Mehdi Tahrat', 'Algeria', 4, 1, 3, 123, 3, 1, 0, 0, 0, '67%', '2021-12-18'),
('Muhsen Al Ghassani', 'Oman', 3, 1, 2, 120, 0, 1, 2, 0, 0, '75%', '2021-12-10'),
('M. A. Barsham', 'Qatar', 1, 1, 0, 120, 0, 1, 0, 0, 0, '17%', '2021-12-18'),
('Amir Sayoud', 'Algeria', 2, 1, 1, 118, 2, 0, 0, 0, 0, '33%', '2021-12-18'),
('Pedro Miguel', 'Qatar', 2, 2, 0, 118, 2, 0, 0, 1, 0, '33%', '2021-12-15'),
('Driss Fettouhi', 'Morocco', 3, 1, 2, 116, 3, 0, 0, 0, 0, '75%', '2021-12-11'),
('Nader Matar', 'Lebanon', 3, 1, 2, 116, 1, 0, 2, 0, 0, '100%', '2021-12-07'),
('Walieldin Khedr', 'Sudan', 3, 2, 1, 115, 0, 0, 3, 0, 0, '100%', '2021-12-07'),
('Mouhamed Soueid', 'Mauritania', 2, 1, 1, 113, 1, 0, 1, 0, 0, '67%', '2021-12-06'),
('Hamza El Moussaoui', 'Morocco', 2, 1, 1, 108, 2, 0, 0, 1, 0, '50%', '2021-12-11'),
('Abbas Assi', 'Lebanon', 2, 1, 1, 108, 1, 0, 1, 0, 0, '67%', '2021-12-07'),
('Mahdy Zein', 'Lebanon', 2, 1, 1, 108, 1, 0, 1, 0, 0, '67%', '2021-12-07'),
('Yaser Muzmel', 'Sudan', 2, 2, 0, 107, 0, 0, 2, 1, 1, '67%', '2021-12-04'),
('Mohamed Muntari', 'Qatar', 4, 1, 3, 105, 3, 0, 1, 0, 0, '67%', '2021-12-18'),
('Mohammed Al Menhali', 'United Arab Emirates', 2, 1, 1, 102, 1, 0, 1, 0, 0, '50%', '2021-12-10'),
('Mahmoud Eid', 'Palestine', 2, 1, 1, 101, 0, 1, 1, 0, 0, '67%', '2021-12-07'),
('Ahmed Qatmish', 'Palestine', 2, 1, 1, 101, 0, 0, 2, 0, 0, '67%', '2021-12-07'),
('Khalil Moulaye Ahmed', 'Mauritania', 2, 1, 1, 100, 0, 0, 2, 0, 0, '67%', '2021-12-06'),
('Ayman Ashraf', 'Egypt', 3, 2, 1, 99, 2, 1, 0, 0, 0, '50%', '2021-12-07'),
('Ahmed Bughammar', 'Bahrain', 2, 2, 0, 98, 0, 1, 1, 0, 0, '67%', '2021-12-03'),
('Hussein El Dor', 'Lebanon', 2, 1, 1, 97, 1, 0, 1, 0, 0, '67%', '2021-12-07'),
('Bahaa Faisal Seif', 'Jordan', 2, 2, 0, 96, 1, 0, 1, 0, 0, '50%', '2021-12-04'),
('Jameel Al Yahmadi', 'Oman', 4, 1, 3, 96, 1, 1, 2, 0, 0, '100%', '2021-12-10'),
('Abdullah Hadi Radif', 'Saudi Arabia', 3, 1, 2, 96, 0, 1, 2, 0, 0, '100%', '2021-12-07'),
('K. I. Al Hammadi', 'United Arab Emirates', 4, 0, 4, 94, 2, 0, 2, 0, 0, '100%', '2021-12-10'),
('Hasan Abdulkareem', 'Iraq', 3, 1, 2, 94, 0, 2, 1, 0, 0, '100%', '2021-12-06'),
('Suliman Hazazi', 'Saudi Arabia', 2, 1, 1, 92, 0, 1, 1, 0, 0, '67%', '2021-12-07'),
('M. S. Al Amim', 'United Arab Emirates', 2, 1, 1, 90, 0, 0, 2, 1, 0, '50%', '2021-12-10'),
('Khalid Eissa', 'United Arab Emirates', 1, 1, 0, 90, 0, 0, 1, 0, 0, '25%', '2021-12-10'),
('Rashid Al Hooti', 'Bahrain', 1, 1, 0, 90, 0, 1, 0, 0, 0, '33%', '2021-12-06'),
('Hamza Mathlouthi', 'Tunisia', 1, 1, 0, 90, 1, 0, 0, 0, 0, '17%', '2021-12-18'),
('Ibrahim Alma', 'Syria', 1, 1, 0, 90, 0, 0, 1, 0, 0, '33%', '2021-12-06'),
('Moustapha Zeghba', 'Algeria', 1, 1, 0, 90, 1, 0, 0, 0, 0, '17%', '2021-12-18'),
('Ali El Sabaa', 'Lebanon', 1, 1, 0, 90, 1, 0, 0, 0, 0, '33%', '2021-12-07'),
('Abdelali Mhamdi', 'Morocco', 1, 1, 0, 90, 1, 0, 0, 0, 0, '25%', '2021-12-11'),
('Ahmed Mirza', 'Bahrain', 1, 1, 0, 90, 0, 1, 0, 0, 0, '33%', '2021-12-06'),
('Yousef Hassan', 'Qatar', 1, 1, 0, 90, 1, 0, 0, 0, 0, '17%', '2021-12-18'),
('M. H. Al Shamsi', 'United Arab Emirates', 1, 1, 0, 90, 1, 0, 0, 0, 0, '25%', '2021-12-10'),
('A. F. Al Rawahi', 'Oman', 1, 1, 0, 90, 0, 1, 0, 0, 0, '25%', '2021-12-10'),
('Mohamed Al Rubaie', 'Saudi Arabia', 1, 1, 0, 90, 0, 0, 1, 0, 0, '33%', '2021-12-07'),
('Achraf Dari', 'Morocco', 1, 1, 0, 90, 1, 0, 0, 0, 0, '25%', '2021-12-11'),
('Mohamed Al Rasheed', 'Sudan', 1, 1, 0, 90, 0, 0, 1, 1, 0, '33%', '2021-12-07'),
('Nawaf Boushal', 'Saudi Arabia', 1, 1, 0, 90, 0, 1, 0, 0, 0, '33%', '2021-12-07'),
('Abdalsalam Salama', 'Palestine', 1, 1, 0, 90, 0, 0, 1, 0, 0, '33%', '2021-12-07'),
('Ahmed Alaaeldin', 'Qatar', 3, 1, 2, 87, 2, 1, 0, 0, 0, '50%', '2021-12-18'),
('Rajaei Ayed', 'Jordan', 3, 1, 2, 87, 1, 0, 2, 0, 0, '75%', '2021-12-11'),
('Demba Traoré', 'Mauritania', 1, 1, 0, 84, 1, 0, 0, 1, 0, '33%', '2021-12-06'),
('Mahmood Al Mushaifri', 'Oman', 2, 1, 1, 84, 1, 0, 1, 0, 0, '50%', '2021-12-10'),
('Diaa Mahjoub', 'Sudan', 3, 1, 2, 83, 0, 0, 3, 0, 0, '100%', '2021-12-07'),
('Nouh Al Jezoli', 'Sudan', 3, 1, 2, 83, 0, 0, 3, 0, 0, '100%', '2021-12-07'),
('Abdulwahab Al Malood', 'Bahrain', 3, 1, 2, 81, 0, 1, 2, 0, 0, '100%', '2021-12-06'),
('Mohamed Fouzair', 'Morocco', 2, 1, 1, 80, 2, 0, 0, 0, 0, '50%', '2021-12-11'),
('Zineddine Boutmene', 'Algeria', 4, 0, 4, 80, 2, 2, 0, 0, 0, '67%', '2021-12-18'),
('Haytham Asiri', 'Saudi Arabia', 3, 0, 3, 79, 0, 1, 2, 0, 0, '100%', '2021-12-07'),
('Ali Asadalla', 'Qatar', 2, 1, 1, 78, 2, 0, 0, 0, 0, '33%', '2021-12-18'),
('Hamed Al Ghamdi', 'Saudi Arabia', 3, 1, 2, 78, 0, 1, 2, 0, 0, '100%', '2021-12-07'),
('Ahmed Tha''er', 'Jordan', 2, 1, 1, 75, 2, 0, 0, 0, 0, '50%', '2021-12-11'),
('Jihad Ayoub', 'Lebanon', 2, 1, 1, 74, 0, 0, 2, 0, 0, '67%', '2021-12-04'),
('Khalifah Al Dawsari', 'Saudi Arabia', 1, 1, 0, 73, 0, 0, 1, 1, 1, '33%', '2021-12-07'),
('Ismail Abdullatif', 'Bahrain', 2, 1, 1, 72, 0, 1, 1, 0, 0, '67%', '2021-12-06'),
('Mohamed Zein Tahan', 'Lebanon', 1, 1, 0, 72, 1, 0, 0, 0, 0, '33%', '2021-12-07'),
('Mohammad Rihanieh', 'Syria', 3, 0, 3, 71, 1, 0, 2, 0, 0, '100%', '2021-12-06'),
('Namori Diaw', 'Mauritania', 1, 0, 1, 70, 0, 0, 1, 0, 0, '33%', '2021-12-06');


-- Create CleanSheets Table
CREATE TABLE CleanSheets (
    Player NVARCHAR(100),
    Club NVARCHAR(50),
    CleanSheets INT,
    ConcededGoals INT,
    Efficiency INT,
    GoalsOnPenalty INT,
    MissedPenalties INT,
    MinPerCleanSheet INT,
    MatchesPlayed INT,
    MatchesStarted INT,
    RC INT,
    TeamPercent NVARCHAR(10),
    LastGame DATE
);

INSERT INTO CleanSheets
(Player, Club, CleanSheets, ConcededGoals, Efficiency, GoalsOnPenalty, MissedPenalties, MinPerCleanSheet, MatchesPlayed, MatchesStarted, RC, TeamPercent, LastGame)
VALUES
('Mohamed El Shenawi', 'Egypt', 3, 3, 200, 0, 0, 600, 6, 6, 0, '100%', '2021-12-18'),
('Mouez Hassen', 'Tunisia', 2, 3, 130, 0, 0, 390, 4, 4, 0, '100%', '2021-12-10'),
('Saad Al Sheeb', 'Qatar', 2, 3, 120, 0, 1, 360, 4, 4, 0, '50%', '2021-12-03'),
('Anas Zniti', 'Morocco', 2, 2, 150, 0, 0, 300, 3, 3, 0, '67%', '2021-12-04'),
('A. R. M''Bolhi-Ouhab', 'Algeria', 2, 4, 128, 1, 1, 510, 5, 5, 0, '67%', '2021-12-18'),
('Moustapha Zeghba', 'Algeria', 1, 0, 0, 0, 0, 90, 1, 1, 0, '33%', '2021-12-04'),
('M. H. Al Shamsi', 'United Arab Emirates', 1, 0, 0, 0, 0, 90, 1, 1, 0, '100%', '2021-12-03'),
('Ali El Sabaa', 'Lebanon', 1, 0, 0, 0, 0, 90, 1, 1, 0, '100%', '2021-12-07'),
('Abdelali Mhamdi', 'Morocco', 1, 0, 0, 0, 0, 90, 1, 1, 0, '33%', '2021-12-07'),
('Yousef Hassan', 'Qatar', 1, 0, 0, 0, 0, 90, 1, 1, 0, '25%', '2021-12-06'),
('M. A. Barsham', 'Qatar', 1, 0, 0, 0, 0, 120, 1, 1, 0, '25%', '2021-12-18'),
('Sayed Mohamed Jaffer', 'Bahrain', 1, 4, 68, 0, 0, 270, 3, 3, 0, '100%', '2021-12-06'),
('Khalid Alhaji Othman', 'Syria', 1, 2, 90, 0, 0, 180, 2, 2, 0, '100%', '2021-12-06'),
('Fahad Talib', 'Iraq', 1, 4, 68, 0, 0, 270, 3, 3, 0, '100%', '2021-11-30'),
('Yazid Abu Laila', 'Jordan', 1, 8, 49, 1, 0, 390, 4, 4, 0, '100%', '2021-12-01'),
('I. S. Al Mukhaini', 'Oman', 1, 4, 68, 1, 0, 270, 3, 3, 0, '100%', '2021-12-03');


-- Create FairPlay Table
CREATE TABLE FairPlay (
    Player NVARCHAR(100),
    Club NVARCHAR(50),
    FairPlayPoints INT,
    YellowCards INT,
    RedCards INT,
    MinPerMatch INT,
    MatchesPlayed INT,
    MatchesStarted INT,
    LastGame DATE
);

INSERT INTO FairPlay (Player, Club, FairPlayPoints, YellowCards, RedCards, MinPerMatch, MatchesPlayed, MatchesStarted, LastGame)
VALUES
('M. K. Al Hammadi', 'United Arab Emirates', 3, 1, 1, 258, 3, 3, '2021-12-10'),
('Rabih Ataya', 'Lebanon', 3, 1, 1, 207, 3, 3, '2021-12-07'),
('Kasem El Zein', 'Lebanon', 3, 1, 1, 173, 2, 2, '2021-12-04'),
('Yaser Kasim', 'Iraq', 3, 1, 1, 158, 2, 2, '2021-12-06'),
('Fares Abdallah', 'Sudan', 3, 1, 1, 143, 2, 2, '2021-12-04'),
('Ali Majrashi', 'Saudi Arabia', 3, 1, 1, 204, 3, 3, '2021-12-07'),
('M. A. Ben Romdhane', 'Tunisia', 3, 1, 1, 219, 4, 2, '2021-12-18'),
('Khalifah Al Dawsari', 'Saudi Arabia', 3, 1, 1, 73, 1, 1, '2021-12-07'),
('Yaser Muzmel', 'Sudan', 3, 1, 1, 107, 2, 2, '2021-12-04'),
('Houssem Mrezigue', 'Algeria', 3, 1, 1, 378, 4, 4, '2021-12-18'),
('W. A. Al Balooshi', 'United Arab Emirates', 2, 2, 0, 225, 3, 3, '2021-12-06'),
('Yacine Brahimi', 'Algeria', 2, 2, 0, 577, 6, 6, '2021-12-18'),
('Youssef Msakni', 'Tunisia', 2, 2, 0, 433, 6, 4, '2021-12-18'),
('Ferjani Sassi', 'Tunisia', 2, 2, 0, 524, 6, 6, '2021-12-18'),
('Mohamed Chibi', 'Morocco', 2, 2, 0, 316, 4, 3, '2021-12-11'),
('Seifeddine Jaziri', 'Tunisia', 2, 2, 0, 506, 6, 6, '2021-12-18'),
('Hamdi Fathi', 'Egypt', 2, 2, 0, 378, 5, 5, '2021-12-18'),
('Ehsan Manel Haddad', 'Jordan', 2, 0, 1, 173, 2, 2, '2021-12-11'),
('Akram Tawfik', 'Egypt', 2, 2, 0, 293, 4, 3, '2021-12-18'),
('Amine Ben Hamida', 'Tunisia', 2, 2, 0, 550, 6, 6, '2021-12-18'),
('Saud Abdulhamid', 'Saudi Arabia', 2, 2, 0, 270, 3, 3, '2021-12-07'),
('Ahmed Wadah Ibrahim', 'Sudan', 2, 0, 1, 166, 2, 2, '2021-12-07'),
('Layth Kharoub', 'Palestine', 2, 2, 0, 133, 2, 2, '2021-12-07'),
('Amjad Al Harthi', 'Oman', 2, 2, 0, 257, 3, 3, '2021-12-06'),
('Yacine Titraoui', 'Algeria', 2, 0, 1, 6, 2, 0, '2021-12-18'),
('Ahmed Hegazy', 'Egypt', 1, 1, 0, 330, 5, 4, '2021-12-18'),
('Amr El Soulia', 'Egypt', 1, 1, 0, 592, 6, 6, '2021-12-18'),
('Caio', 'United Arab Emirates', 1, 1, 0, 326, 4, 4, '2021-12-10'),
('Karim Boudiaf', 'Qatar', 1, 1, 0, 230, 4, 3, '2021-12-18'),
('Hillal Soudani', 'Algeria', 1, 1, 0, 211, 4, 2, '2021-12-18'),
('Tahnoon Al Zaabi', 'United Arab Emirates', 1, 1, 0, 360, 4, 4, '2021-12-10'),
('Mahdi Al Humaidan', 'Bahrain', 1, 1, 0, 179, 3, 2, '2021-12-06'),
('Mohamed Abu Zraiq', 'Jordan', 1, 1, 0, 164, 3, 2, '2021-12-11'),
('Mohamed Al Rasheed', 'Sudan', 1, 1, 0, 90, 1, 1, '2021-12-07'),
('Yosief Mohammad', 'Syria', 1, 1, 0, 205, 3, 3, '2021-12-06'),
('Mohamed-Ali Dhaini', 'Lebanon', 1, 1, 0, 252, 3, 3, '2021-12-07'),
('Abdallah Naseeb', 'Jordan', 1, 1, 0, 311, 4, 3, '2021-12-11'),
('Muayad Al Khouli', 'Syria', 1, 1, 0, 270, 3, 3, '2021-12-06'),
('Mohamed Abu Hasheesh', 'Jordan', 1, 1, 0, 390, 4, 4, '2021-12-11'),
('Ahmed Farhan', 'Iraq', 1, 1, 0, 158, 2, 2, '2021-12-06');


-- Create ClubsStats Table
CREATE TABLE ClubsStats (
	Club NVARCHAR(100),
	Matches INT,
	Goals INT,
	Goals_perGame FLOAT,
	Goals_Con INT,
	Goals_Con_perGame FLOAT,
	CleanSheets INT,
	Poss_Percent INT,
	Corners INT,
	Corners_perGame FLOAT,
	Yellow_Cards INT,
	Red_Cards INT
);

INSERT INTO ClubsStats (Club, Matches, Goals, Goals_perGame, Goals_Con, Goals_Con_perGame, CleanSheets, Poss_Percent, Corners, Corners_perGame,Yellow_Cards, Red_Cards)
VALUES
('Algeria', 6, 13, 2.17, 4, 0.67, 3, 49, 41, 6.83, 11, 2),
('Qatar', 6, 12, 2.00, 3, 0.50, 4, 50, 22, 3.67, 7, 0),
('Morocco', 4, 11, 2.75, 2, 0.50, 3, 60, 37, 9.25, 6, 0),
('Egypt', 6, 10, 1.67, 3, 0.50, 3, 55, 42, 7, 9, 0),
('Tunisia', 6, 9, 1.50, 6, 1.00, 2, 54, 44, 7.33, 10, 1),
('Jordan', 4, 7, 1.75, 8, 2, 1, 43, 15, 3.75, 4, 1),
('Oman', 4, 6, 1.50, 5, 1.25, 1, 51, 14, 2.8, 8, 0),
('Syria', 3, 4, 1.33, 4, 1.33, 1, 44, 11, 3.67, 3, 0),
('Mauritania', 3, 3, 1.00, 7, 2.33, 0, 32, 9, 3, 4, 0),
('United Arab Emirates', 4, 3, 0.75, 7, 1.75, 1, 68, 16, 4, 7, 1),
('Palestine', 3, 2, 0.67, 10, 3.33, 0, 37, 12, 4, 3, 0),
('Iraq', 4, 1, 0.33, 4, 1.33, 1, 43, 10, 3.33, 2, 1),
('Saudi Arabia', 3, 1, 0.33, 3, 1.00, 0, 56, 13, 4.33, 5, 2),
('Lebanon', 3, 1, 0.33, 3, 1.00, 1, 42, 12, 4, 3, 2),
('Bahrain', 3, 0, 0.00, 4, 1.33, 2, 56, 30, 7.5, 10, 0),
('Sudan', 3, 0, 0.00, 10, 3.33, 0, 42, 5, 1.67, 3, 2);


-- Create AgeStats Table

CREATE TABLE AgeStats (
	Club NVARCHAR(100),
    AverageAge FLOAT,
    OldestPlayer NVARCHAR(100),
    OldestAge INT,
    YoungestPlayer NVARCHAR(100),
    YoungestAge INT
	)

INSERT INTO AgeStats (Club, AverageAge, OldestPlayer, OldestAge, YoungestPlayer, YoungestAge) 
VALUES
('Saudi Arabia', 21.8, 'Zaid Al Bawardi', 23, 'Suliman Hazazi', 17),
('Iraq', 25.2, 'Yaser Kasim', 29, 'Hussein Ammar', 19),
('Egypt', 26.0, 'Mohamed El Shenawi', 32, 'Osama Faisal', 20),
('Syria', 26.2, 'Khalid Alhaji Othman', 33, 'Mohammad Rihanieh', 19),
('Mauritania', 26.3, 'Khalil Moulaye Ahmed', 33, 'Oumar M''Bareck', 18),
('Oman', 26.5, 'Mohsin Al Khaldi', 32, 'Ibrahim Al Rajhi', 20),
('Qatar', 27.1, 'Saad Al Sheeb', 30, 'Mohamed Waad Al Bayati', 21),
('Lebanon', 27.7, 'Mohamed Zein Tahan', 32, 'Mahdy Zein', 20),
('Algeria', 27.8, 'Adi Raïs M''Bolhi-Ouhab', 34, 'Yacine Titraoui', 17),
('Palestine', 27.9, 'Abdelatif Al Bahdari', 36, 'Reebal Dahamshi', 18),
('Jordan', 27.9, 'Moataz Yassin', 38, 'Ibrahim Sadeh', 20),
('Tunisia', 28.0, 'Yassine Chikhaoui', 34, 'Hannibal Mejbri', 17),
('Sudan', 28.2, 'Nasreldin Al Shigail', 35, 'Nouh Al Jezoli', 18),
('Bahrain', 28.5, 'Sayed Shubbar Alawi', 35, 'Abbas Fadhel Al Asfoor', 21),
('Morocco', 29.0, 'Anas Zniti', 32, 'Achraf Dari', 21),
('United Arab Emirates', 29.1, 'Ismail Matar', 37, 'Abdulla Salmeen Al Menhali', 19);